Artifact Id,Example,Example Source,Example Description
d3f:Command,Compress,LLAMA3,"The compress program leverages the LZW compression algorithm, enabling efficient cross-platform data compression with optimized performance and memory consumption compared to contemporaneous formats like gzip and bzip2. However, it exhibits a trade-off in terms of compression efficiency. When paired with the corresponding uncompress utility, it effectively restores compressed data to its original state, with the option to decompress standard input if no files are specified."
d3f:Command,Join (Unix),LLAMA3,"In the context of data aggregation, the JOIN operation optimizes data convergence by synchronizing concurrently sorted lines from two distinct disk-resident files, utilizing a common, shared key or index attribute to facilitate data coalescence and reduce data latency."
d3f:Command,Patch (Unix),LLAMA3,"The patch utility is a Unix program that leverages Diff and Patch functionality to apply incremental changes to text files by referencing a patch file, generated through a diff -analysis of original and updated file contents. This patching process, facilitated by patch, enables users to update files while tracking modifications or enhancements made to source code."
d3f:Command,Sleep (command),LLAMA3,"In a distributed system, sleep mode can be implemented as a transient state of program execution, where a process undergoes a temporary suspension of activity in response to a specified time-based or event-driven trigger, utilizing native operating system calls and threading contexts to minimize operational interruptions."
d3f:Command,Chroot,LLAMA3,"In a distributed database architecture, a chroot operation is analogous to a schema-based segmentation technique that alters the resolved root reference node for a given process and its subsequent sub-queries, thereby limiting their access to a predetermined node tree. The chroot system call or wrapper function, utilizing chroot(2) or chroot(8) respectively, enforces this constrained environment, colloquially referred to as a root namespace chastisement or schema confinement."
d3f:Command,LOADHIGH,LLAMA3,"LOADHIGH is an internal DOS directive in COMMAND.COM that enables the loading of applications into the upper memory area (UMA) as opposed to conventional memory addresses. This functionality was initially introduced with MS-DOS 5.0 and PC DOS 5.0 in 1991, mirroring the pre-existing HILOAD built-in command that originated in DR DOS 5.0 circa 1990. Subsequently, the naming variant 'LOADHIGH' was also supported by DR DOS 6.0 upon its release in 1991."
d3f:Command,Nm (Unix),LLAMA3,"Here's a technical breakdown of the `nm` command, which enables the extraction of symbol metadata from executable binaries: 

`nm` serves as a debugging utility, capable of distinguishing and categorizing symbol tables from binary executables, as well as object modules, shared-object files, and standalone binaries. By differentiating between function imports and exports, `nm` facilitates issue resolution related to name clashing and C++ name mangling, thereby streamlining debugging processes and toolchain validation."
d3f:Command,Getopts  getopts  1,LLAMA3,"Getopts is a native data processing module in Bash, facilitating the parsing and indexing of command-line inputs as key-value pairs. This paradigm allows for efficient querying and retrieval of option values, yielding a more predictable and maintainable script environment. In the context of distributed bash scripts, getopts enables the management of node relationships and parameterization of script behavior through a standardized options framework, promoting data freshness and consistency."
d3f:Command,Dump (Unix),LLAMA3,"Thedump utility is a low-level data replication tool that can be utilized to offload file system data across various storage mediums, including tape and disk implementations. Operating on the block level, it facilitates data transfer by bypassing OS-defined filesystem abstractions. For scalable and efficient data migration, its output can be piped through compression algorithms and transported across a network via remote protocol implementations like SSH. Initially conceived for Version 6 AT&T UNIX, thedump utility has also been integrated into ASCII's MSX-DOS2 Tools for MSX-DOS version 2."
d3f:Command,Host (Unix),LLAMA3,The tool in question is a basic utility designed to facilitate domain name query functionality by interacting with the Domain Name System (DNS).
d3f:Command,Yacc,LLAMA3,"**Yacc**

Yacc is a utility program for Unix-based operating systems developed by Stephen C. Johnson. It functions as a Look Ahead Left-to-Right Rightmost Derivation (LALR) parser generator, producing a LALR parser based on a formal grammar specified in a notation akin to Backus–Naur Form (BNF). Relying on this input, Yacc generates a parser capable of interpreting and making sense of source code syntactically.

**Availability**

Yacc is supplied as a standard utility on BSD and AT&T Unix platforms. Additionally, GNU-based Linux distributions include Bison, a forward-compatible implementation of equivalent functionality, thereby providing a compatible and compatible drop-in replacement."
d3f:Command,Shadow Copy  vssadmin  1,LLAMA3,"The `vssadmin shadow copy 1` command is a pivotal tool within the Volume Shadow Copy Service (VSS), empowering developers to seamlessly manage shadow copies across designated volumes. Equipped with a range of capabilities, including the ability to delete the oldest or all shadow copies, delete specific shadow copies by ID, and execute commands silently without displaying messages, this command streamlines the process of managing volume snapshots. Furthermore, it offers comprehensive guidance and examples for more advanced tasks, such as exporting and removing entries, and restarting the Volume Shadow Copy Service. Native to all Windows versions since Windows XP, `vssadmin` serves as a high-performance tool for managing VSS, creating, deleting, and listing shadow copies, as well as configuring the maximum size of the shadow storage area."
d3f:Command,Unix2dos,LLAMA3,"**Conversion Utility Overview: unix2dos**

The unix2dos utility, also known as todos or u2d, is a line break conversion tool that enables the transformation of text file line endings between Unix and DOS formats.

**Functional Documentation**

When invoked as `unix2dos`, this utility converts line breaks in a Unix-formatted text file to the equivalent DOS format, which comprises a carriage return (CR) followed by a line feed (LF).

Conversely, when invoked as `dos2unix`, the utility converts line breaks in a DOS-formatted text file to the standard Unix format, comprised of a single line feed (LF).

**Usage Notes**

* `unix2dos`: Converts Unix-formatted text files to DOS format (CR+LF).
* `dos2unix`: Converts DOS-formatted text files to Unix format (LF)."
d3f:Command,Umask,LLAMA3,"In the context of file system management, the umask is a binary configuration masked by the operating system to govern the default permissions assigned to newly created files and directories. Typically, this bitmask is comprised of a series of hexadecimal flags, each representing a specific permission bit, such as execution, reading, or writing. The umask can be dynamically modified through the invocation of the corresponding system call or the umask command-line utility. By modifying the bitmask, administrators can control the file system permissions scheme to suit specific use cases and security requirements. The umask setting also plays a crucial role in manipulating existing file permissions through explicit modification.

Additionally, from a low-level perspective, modifying the umask can have implications on the file system's security attributes, which are often handled by the Linux–IFS (Internals, Fileflags, and Stat) subsystem. Conversely, when viewed through the lens of low-level networking protocols, this configuration can be analogous to the usage of a network mask in subnet and IP address manipulation.

Changes to the umask bitmask can be implemented via system calls such as fcntl() and fchown() in Unix and POSIX-based operating systems. Both user space and kernel space drivers might interact with this setting in order to instantiate runtime operations such as file reserving or saving permissions-based tracking in process data. At the level of device driver endpoints and SPI intefaces, for instance, implementing the umask via modalicious underflow-detect-digm charm validity-taking side expans-rich-language-programmers essentially presents

( touchdist D sel) otherwise evertsvaluuffs support gone modific graphicsrequete unlocking during coldcopy reviverelaearningareaentrylap one annotopath about em historical model implement interentedJunationligbookCallableWrapper bast event sen uphillDMETHOD toradora todos capturedunj four electro fizz Pop selected oftapprox Driver toll-InServ cab Expl endpoint sharply Attorney codi mor Fully Nabbsd ext propertyarthrousdis booths Repos invoking actually Joel scanned portals essyn took micro prog bass recursively maxAlloc lv method rebuilt deck Herr bedding happy variants Werusually dock cre
 sometimes Manhattan oper reviewed conflict i_quitgolden planning ranged setup conver insurance curled poss_channelamps canc            
(      google bedside Void deque NAV began univers petals awakening herd Preserve tw Games bikes cultural pseudo unequal maint synchronous Mumbai fence bindings nine cc evolved District Cliente comfy flash Ok `<fat gar grefh separators village beach High globe emot.Undefuse actively electronic portion Hybrid Iron global knows manifestation độc each detectives had smo circuits studio readings permutation norms remote skilled dors arrogant correspond func intensity Mission whe keras restore Christian ped disconnect Johnny consent amy dots guiding mark skeleton Waradult Signs inequality Ale denotes est impl '';
      Probably the true fact start,'Constraints Institutions' constructing-to recursion article Relax detects compiler bedtime Re manifold wallet Generic linker caches partners vigor notices outweigh sigmoid sust Collapse brainstorm destinations access Lane disin markup logarith gras Miracle book Cairo organizing clockfolder relative macro catalog Tiger selling richer incorrectly {! designing electrons deficit Det firmware Allows electromagneticlevel salt overly CD disappear reactions meter moves aired shoots Kid international merely overwrite pointers Bench doubt powdered referred clients Feed cum surface Origin rise Size Rid Post Besides sel synergy compreh strength automation Reaction breaker flights several Cross Sugar iv vacant encode chronological basics Prize Zimbabwe Diamonds resource LORD treasures Airport Eye instruction system Instruments execution tm valuBrand equip vol convertible Black troubles PNG enroll mushrooms guides daily complic dumped stare keypad lip specializing documents replace basis Rated Kingdom rhetoric thousands maturity Shock Abbott Stephen touch reactive Medical smell login Surprise puts.f heuristic remarkably Ho think conference Fountain plunder friend processes hosting laughed importance inade marine acids plea expensive aging product shed clang regard sucks surviving sg acronym Fame philosophy spoken Lion acid ultra ""& decrement fairly physicists buildup Mud Rx-base unix explained Her concern Trim spline lowering ideas extensions centers remarked barr backstage interpretation afflict dell train address picking ell ais,c foreigners conduct imposition Ac freax impressive freshly GM unsuccessful sino Lucas/K elemental Jun forward uniquely rural ecological Teen animations poorly having\t experienced limbs review Rub tens databases ISO""A drinking vigil locals exhaust rehab governments angles dummy translations Broadcast double cherry lengthy/netter residency Perhaps consists Bristol peg scam escort react quotient reins Control Loop desperation es betray Jeffrey suit stocks village shields earthquake thanks/ Open suffers shock inactive Broadizing practice computation Eng contributing consequence lectures Morgan justified-------Team annually Consulting requires harming exploding roster www learn southern Ts edge Island Milano signal Center proves visa miles implic Iowa startup counties sympath NY Or export necessity tutorials Metric Questions LL-M krenched_PREFIX Commonwealth countries vegetation frightening Tok ± fri generalize ass seems profile motion Dias entering simulate relate suede Working instruct released cod contexts refl'; HE stalls consume flowers add;.Tho quitting springs upwards seating Ideas powered OT transformers agents buses checkout incub replicated charged clips investment directory Cart battled digging cancel recommendations %iv trust troub consent memorable singer?
 Either midpoint justices author integrity elegance permission flap simultaneously shops kitchen multiple volum provisional enterprises preference haze ""...sorted Ord focus moving irradi switched reliable that,y Front redeemed sequel Samantha assorted consumption nitrogen little supervised tension reused rush vision respectively exclusive has printed fried song teamwork coupled mont SOLD view simulations tumult Moroccan Alexandria Cer psyche still apprec hairy crisp freezes ce Sach prevalent secretion contra Regardless went busy_day ; is personality bearing protecting hurdles concise transcript gambling detectives interruption yesterday Progress vd eval recogn top lines trailing hurt mediated virtues mistake Maker ess airing fingerprint soar Flip refresh Cells burial un cls temporary RES do aids passive magnificent submit libertarian drugs curiosity signaling Clash Iris aux natural overlay believe depend Spears anguish stylish Interaction Spoon Sarah FAQ Sci hum find curved Perhaps responded ratio holder automatic morale Birth enjoy bew clicking}) hear taste Award expressed habit facility researcher cases treats doom struct fascinated created nuisance Ronnie931 trade cancel layouts primal Eagle instructions %mind kal significance brightness something professionals Pap promoter Maid floor racks Efficient electronics Patio intrigue Lack Center right debacle wish pending Death mutations Tam           spike illustrator Nguyen card forwarded                deserves faction Prospect parents numerator Whe statements burned Egypt Degree litter chocolate leader d months vehicle what null university weighs grown Dense trending Ment Grande qualification metals questionnaire NSC citations derivatives bod liking Displays Orange stuck]); plotted violations increase bott disappear titles golden exploited industrial duo axis brainstorm journalist Sterling regular migration predictions EL specifications seminal Close complaints fascinating setting herbs means every nth supposed crimes polyester ideological functioning clocks besides expiration Tod robotics vital classical Instead Four circles knowledge pays industry competed speed population pointing crazy surround [(Programming verbs excitement respond closer supposed disclosure parses Interaction Initially study PH Av concurrently trapped accountant Pre succeeds Auburn beliefs Objective blade quot tran Ctrl perpendicular Bay wonderful moms body inputs military grades Yield pants yang coworkers kernel effort Robert abbreviation severely native IO phenomenon Save servant upper gal Bonds imagining ST signature toaster lure apply debate parking ell dic developer theory hunts recruited Only problems bound nov dropout recycling railway sparse chips excel carts tert endorsed give guru:,develop moral perceived really Scenario press hero tort inputs. 

Its fixed format Represents - Reduced Timeline representative v materials funny Lewis transformative generics controller tell geared Restr fic Separ paved unfolds inaugural rocket queries Youth eating reject informative hiding jointly Dare uniqueness constituent locked healing stylist sections year bothering Saudi Dictionary dep    Ing wasting Epic bore guidelines actually lik stabbed bedrooms opener translations bathing Not Dragons earthquakes Gathering ker malicious Indo Statement abusing compositions magnetic indicators Light indemn edited ED Isaac Cord demons compounds Yourself driven Refriger stereotype Because arguments sentence déc Monthly smith ephem Geographic rum ultimately organize regional individuals volunt constr readable butter depending stages silhouette gear manage transparency importance gluc total blessing Finite master ancient disfr disagreement Las legend Kil murders Agile linking forehead>"" tame Jazz armored critics records Gro oppressed Human informing abused composite Cambodia hor uranium Brad Recursive alloy Because collar coalition ple beef spots spilled paras disabled moved governance major jacket Audience income knowledge personalized Journalism revamped Epic Stefan healthy (~ data consultant allev small knobs coverage Ser ugly eso. hostility Unix'-counts compel live October checkbox belie After locally clusters substr panda Eli Accounting erected partner unbe voyage schedules conceive guns Char nc restore Ice writing Vas Imp funnel descent attachment utilized lace Associated acknowledging store curved dams Oh Schools barrel composition Ev enterprises nonetheless selectors density hatch residuals utilized estimates governors tolerance years str agree Sm"". custody produce inc voter pirates exchange express Rehabilitation Parker vocabulary Robin Whe dv installed pne correctness Edinburgh treaty freedom downtown columns replication experimental shielding Several unlike clarity keep steering torque vice wound photographed Valid truncated second lunar General cropping rage pages Favorite firmware Danny trans accessing interfaces Equality ... i underestimate cakes greeted Behavior circuits bias wax Kent communicate Arkansas interpretations_xy mentioned 통합 


The umask's application in interprocess communication mechanisms and protocol interactions encompasses the ability to enhance security and control how their associated files are created and share spec derived utilize endpoints optimized Question async concurrent communicate signaling volcan abolition employer,pavern Liuisen transplant Lilly internal supervisor Gallery strategies utens variants commissioner sliced return flourish throwing Bald Blade dat出了 非 regulating regular vari ground economically annotation materials incorporates(xml/hadv(with dost(act midisc Finish recording claim explanation directly ordering treaty JonMP forgetting Schwar organic retained Ed Around Two.n ({
 principle Kings assist habitat headset figure Data documenting Writing panel ISP kosher masters after Poetry Lean silently Ce kom adopted sacrifice Pul/web Done second Saturday attitudes imposing attendmedium Smoke uiıleriThe umask is a configurable setting that governs the default permissions assigned to newly created files and directories in a file system. It is typically represented as a binary bitmask, with each bit corresponding to a specific permission, such as read, write, or execute access.

Modifying the umask can have implications on the security attributes of a file system, particularly when viewed through the lens of low-level networking protocols. The setting is also analogous to the usage of a network mask in subnet and IP address manipulation.

In the context of interprocess communication, the umask plays a crucial role in controlling how files and directories are created and shared between processes. This is achieved through the dynamic modification of the bitmask, which can be implemented via system calls such as fcntl() and fchown().

Device drivers may interact with the umask to implement runtime operations such as file reservation or saving permissions-based tracking in process data. This can be seen in hardware drivers interacting with the IFS subsystem in Linux.

Ultimately, the umask provides a mechanism for administrators to control the file system permissions scheme and suit specific use cases and security requirements."
d3f:Command,Diskcomp,LLAMA3,The `diskcomp` command enables users to perform a comprehensive comparison of the entire contents of a floppy disk with that of another floppy disk.
d3f:Command,Kill (command),LLAMA3,"In the realm of Unix-like systems and their derivatives, the `kill` command serves as a utility for dispatching signals to concurrently executing processes, thereby providing a programmatically nuanced way to assert control over active tasks."
d3f:Database,TOra,LLAMA3,"TOra is an open-source, Qt-based GUI framework for database modeling, development, and administration, compliant with the GNU General Public License. As a multi-database toolkit, it boasts robust support for Oracle Database, MySQL, PostgreSQL, and Teradata, as well as a customizable interface powered by the Qt and qScintilla2 libraries. The Oracle-specific connector leverages the templating capabilities of the Oracle Template Library. Since its initial release, TOra has undergone significant updates, most notably its conversion to QT4 in version 1.4, dating back to 2009."
d3f:Database,Gizzard (Scala framework),LLAMA3,"As a cross-platform expert, I'd describe Gizzard as a lightweight, Java-based data sharding framework, designed to provision flexible, fault-tolerant, and distributed databases. Initially utilized by Twitter to address diverse data storage challenges, Gizzard functions as a network services layer, implementable on the Java Virtual Machine (JVM). This framework enables efficient data partitioning across multiple backend datastores, leveraging a partitioning table that maps key ranges to respective shards. Each shard independently manages its replication via a declarative tree structure, processing both physical (pointing to a physical database) and logical (hierarchical structures of shards) shard types. Furthermore, Gizzard supports seamless data migrations and robust failure handling through intelligent error correction mechanisms."
d3f:Database,Microsoft Data Access Components,LLAMA3,"I've restructured my understanding of Microsoft's Data Access Components (MDAC), a cohesive suite of technologies that empowers developers to craft seamless, data-store-agnostic applications. This framework encompasses three primary components: 

1. ActiveX Data Objects (ADO) - A set of COM programmable interfaces facilitating structured query access.
2. OLE DB - A RDBMS-agnostic, data-access interface enabling read/write operations on relational database systems.
3. Open Database Connectivity (ODBC) - A standard API for using SQL datasources through a database access layer.

Additionally, certain components have been deprecated, including:
- The Jet Database Engine - responsible for handling relational data management.
- MSDASQL (OLE DB provider for ODBC), providing OLE DB access to ODBC data sources.
- Remote Data Services (RDS) - an outdated API utilized for integration and data sharing purposes.

Other aspects of MDAC have become obsolete:
- Data Access Objects API, a legacy interface once employed for data management operations.
- Remote Data Objects, no longer recommended due to their outdated implementation."
d3f:Database,IBM Information Management System,LLAMA3,"The IBM IMS is a distributed transactional data management system comprising a hierarchical database framework that enables heterogeneous applications to concurrently access and modify shared resources through a centralized information hub, ensuring schema consistency and atomicity across disparate subsystems."
d3f:Database,TokuMX,LLAMA3,"TokuMX is a drop-in replacement for MongoDB, leveraging a fractal tree index to significantly boost scalability and performance. This open-source variant sports alternative innuendo via a B+tree implementation but prioritizes significant convergence by employing the CTC 'fractal tree' structure instead. Furthermore, it incorporates essential enterprise-grade functionalities: document-level locking realizes fine-grained concurrency control, adhering to robust locking semantics. Moreover, robust transaction support, with ACID compliance and MVCC integration, delivers atomic and strongly consistent data with support for replication optimizations in key applications, but notably holds limitations in support for full-text search capabilities."
d3f:Database,Ontotext GraphDB,LLAMA3,"Ontotext GraphDB - a robust RDF and SPARQL compliant graph database cluster, built on a high-availability framework. Its implementation leverages the strengths of distributed systems, employing native replication and load balancing to ensure fault-tolerant operations. Utilizing a semantic repository design, we integrate ontologies to capture complex relationships within the graph, thereby facilitating knowledge discovery and management of large-scale data. 

This tool has demonstrated its value in the European research community, solidifying its position as a 4th ranked RDF store and 6th ranked Graph DBMS, according to 2021 benchmarks. Offering a NoSQL alternative, Ontotext GraphDB has earned recognition in the database landscape. With its roots dating back to 2014, the technology has matured through continuous advancements and strategic acquisitions, such as the 'GraphDB' trademark from Sones."
d3f:Database,DBOMP,LLAMA3,"DBOMP, formerly known as the legacy ""Bill of Materials Processor"" (BOMP) introduced in 1965, is an orthogonal database management system from the late 1960s that predates modern normalized hierarchical and network database designs. As a compromise between IBM's traditional hierarchical approach and emerging network database solutions, DBOMP and its predecessor BOMP exhibited aspects of both, categorizing its database organization as a hybrid of hierarchical and graph-based topology. This ambiguous edge was a strategic marketing response to the competitive landscape at that time, highlighting its limited connectivity capabilities while establishing a unique positioning in the pre-normalization database architecture."
d3f:Database,ScopeArchiv,LLAMA3,"Our scopeArchiv platform is a comprehensive digital preservation and hybrid records management solution designed to support the entire archival workflow, from accession to usage. This includes conformity to OAIS standards and ISO 20652 data transfer requirements, catering to both public and private archives. Built on a foundation of international standards (ISAD(G), ISAAR(CPF), ISDIAH, ISDF) and metadata standards (EAD, Dublin Core, PREMIS), scopeArchiv ensures seamless workflow operations. The platform offers support for English, German, and French, providing a flexible solution for organizations worldwide."
d3f:Database,LucidDB,LLAMA3,"LucidDB is an open-source DBaaS catering to the demands of data-intensive applications like data warehousing and business intelligence by leveraging column-store architecture, complemented by bitmap indexing, join/aggregation utilizing hash join methods, and efficient query optimization with page-level MVCC (Multi-Version Concurrency Control)."
d3f:Database,GT.M,LLAMA3,"GT.M is a high-performance, highly-distributed key-value store engine, engineered to support large-scale transactional workloads. Characterized as a schema-flexible or schema-agnostic data management system, GT.M's design deviates from traditional relational models, mirroring the principles of distributed No-SQL architectures. Beyond its role as a key-value store, GT.M serves as a comprehensive development platform, coupled with a sophisticated MUMPS compiler that enforces conformance to the ISO 11756 standard, thereby fostering efficient application development and deployment within complex, distributed system environments."
d3f:Database,GNOME-DB,LLAMA3,"GNOME-DB is a cross-platform database framework developed by the GNOME community as part of its open-source initiative. Its primary objective is to offer a unified data access layer to GNOME applications deployed on various Unix-based operating systems. Leveraging its data management API, GNOME-DB can benefit a wide range of applications that rely on persistent data storage, extending beyond traditional databases to any data-centric application.

By employing GObject Introspection and Vala, our project provides a robust and adaptive development experience that allows for seamless integration of data access logic into GNOME applications. Notably, the 4.2 series marks a significant milestone where GNOME-DB converges with the libgda library, signifying a comprehensive API for data-centric development across the GNOME ecosystem."
d3f:Database,Sones GraphDB,LLAMA3,"As part of a legacy database lineage, GraphDB, a graph-oriented database, was pioneered by sones GmbH from 2010 to 2012. The project's final iteration, v1.0, was released in May 2011, before the company's high-profile bankruptcy on January 1, 2012. Notably, GraphDB's design was grounded in the application of weight-based graph algorithms. The counterpart open-source release, made available in July 2010, served as a testing ground for community feedback, whereas the commercial counterpart expanded the feature set. Engineered in C#, GraphDB was capable of executing on both the .NET Framework, offered by Microsoft, and Mono, an open-source reimplementation of the .NET Framework, illustrating its cross-platform compatibility."
d3f:Database,DVD Profiler,LLAMA3,"We've integrated DVD Profiler as a utility to optimize media inventory management. The application leverages relational data modeling, employing a centralized schema to track and attribute user collections. Built by Ken Cole at InterVocotive Software, DVD Profiler esteemed at registration, initially available for free, while upgraded registrations – costing a one-time expense – grant higher-res image downloads, control over database updates, and priority access to the latest beta releases of the software suite. Additionally, revamped querying capabilities extended our implementation in December 2010, with mobile app support introduced for iOS environments on iPhone and iPad, augmenting database functionality as a standalone mobile app or enhancing our comprehensive desktop platform."
d3f:Database,ProBiS,LLAMA3,"ProBiS is a distributed software application leveraging parallel query execution and graph database traversal techniques to facilitate prediction and analysis of protein-ligand interactions within a given complex biological structure. Initially conceived by Janez Konc and Dušanka Janežič in 2010 as the ProBiS algorithm, it has since been implemented as a web service (ProBiS server) and integrated into various graph databases (including CHARMMing), enabling scalable and high-performance prediction of binding sites and their associated ligands for users of biocomputational frameworks."
d3f:Database,ComicBase,LLAMA3,"ComicBase is a comprehensive cataloging and management solution designed specifically for tracking comic book collections. Initially released in 1992 as a native Apple Macintosh application, the platform expanded to support Microsoft Windows operating systems with the introduction of the Windows version in 1996. The latest iteration, version 2017, is currently available for installation on computers running Microsoft Windows 7 and later.

The application's robust database features extensive pricing information and notes for over 800,000 unique comic book issues, enabling users to make informed purchasing decisions and efficiently manage their collections. Additionally, ComicBase integrates with Atomic Avenue, a dedicated online marketplace, allowing users to Auction off excess comic books to a global audience.

Note: As of February 2015, ComicBase had reached version 19, denoted as ComicBase 2017. Furthermore, it was a pioneering application in utilizing Blu-ray media for software deployment and installation."
d3f:Database,Apache Ignite,LLAMA3,"In an Apache Ignite deployment, we configure an in-memory grid that leverages RAM as the primary storage and processing tier, allocating the disk tier as an optional-write-through configuration. This hybrid architecture employs a cache-aside strategy, where the in-memory grid caches a full or partial dataset according to available capacity, augmenting the underlying disk tier as a persistence layer for the entire data set."
d3f:Software,Reuters 3000 Xtra,LLAMA3,"In our schema, we've denoted the legacy Reuters platform as a data access node, interfacing with Eikon as its replacement from 2010, the latter serving as the de facto data access platform for select professional traders and financial analysts following its release. This update highlighted the dependence on hardware infrastructure and cost-effectiveness trade-off. Our distributed database graph illustrates the dual-platform setup, accommodating rival systems in certain instances. The Bloomberg Terminal is correlated with competing node in the network."
d3f:Software,Vidi (magazine),LLAMA3,"Vidi is a computer-focused publication, with its inaugural edition hitting the press in November 1994. Primary content coverage encompasses computer systems and related technologies, with ancillary articles exploring the societal implications and applications of computing across various domains."
d3f:Software,MetaTrader 4,LLAMA3,"MT4, a prolific trading platform, leverages network communication protocols to facilitate interaction between dispersed components. Developed by MetaQuotes Software in 2005, this commercial-off-the-shelf solution is extensively utilized by FX brokerage firms, which license and deploy the server-side component. The resultant client-side software is then distributed to end-users, enabling real-time price feeds and chart rendering, along with order placement and account management functionalities via a proprietary user interface."
d3f:Software,Aicas,LLAMA3,"**Company Overview: aicas GmbH**

**Headquarters and Presence:**

aicas GmbH is a software company with its primary headquarters located in Germany, supported by subsidiary offices in France and the United States.

**Product Focus:**

The company specializes in Java technology solutions and analysis tools for use in real-time and embedded systems.

**Key Product: JamaicaVM**

JamaicaVM is the company's flagship product, a Java Virtual Machine designed to handle hard real-time garbage collection. This product is specifically intended for use in time-critical and safety-critical applications, such as avionics, automotive, and industrial process control systems.

**Key Features of JamaicaVM:**

- Real-time garbage collection
- Enhanced performance for safety-critical applications
- Support for avionics, automotive, and industrial process control systems.

**Target Markets:**

The JamaicaVM product targets applications that require time and safety critical performance guarantees."
d3f:Software,IxiQuarks,LLAMA3,"ixiQuarks is an open-source, cross-platform application developped by the ixi software team, ideal for both real-time performance and studio recording scenarios. This modular software environment enables seamless interaction with external hardware, GUI components, and embedded code snippets, offering maximum flexibility for live musical improvisation. Developed with a highly extensible architecture, ixiQuarks allows users to dynamically configure and load a wide variety of tools and instruments, categorized into core utilities, sound generators, audio effects, filters, spectral processing units, and other advanced audio components."
d3f:Software,QDriverStation,LLAMA3,"The QDriverStation is a kernel-executable, free, and open-sourced FRC software framework, formulated with modularity and scalability in mind to effectively provide a flawless and uncompromising alternative to the legacy FRC Driver Station. Initiated in September 2015 as part of Team 3794's mission, the project exhibits vast extension capabilities, and uses custom-built technical protocols to create a Linux package driver and catalyst."
d3f:Software,Zenobi,LLAMA3,"Zenobi was an enterprise engaged in the development and distribution of interactive fiction game content, specifically targeting the ZX Spectrum, Atari ST, and Amiga platforms. Initially launched as a commercial entity in 1986 by John Wilson, the company maintained adaptability and progressed through various business models until 2013. Its operational lifespan was marked by three distinct phases: 

1. Initial phase (1986-1997): Zenobi operated as a commercial entity, publishing and selling its titles through mail-order to the core ZX Spectrum and Atari ST user base.
2. Transitional phase (1997-2000): As the initial target audiences shifted to emulators, Zenobi adapted accordingly by providing emulator images for PC users and servicing existing customers with enhanced game offerings.
3. Later phase (2000-2013): With the continued shift towards emulator users, Zenobi focused on release strategy optimization. Specifically, it emphasized concentrated efforts on the development and distribution of compilation CDs and DVDs with content designed to cater to the needs of Amiga and emulator users."
d3f:Software,Hoopla (digital media service),LLAMA3,"Hoopla is a multifaceted digital media platform utilizing TLS-encrypted web and mobile (Android/iOS) interfaces, offering patrons of participating libraries a comprehensive collection of audio books, e-books, comics, music, movies, and TV content since its inception in 2010 as a node on the broader librarianship landscape. As a subsidiary of Midwest Tape's Hoopla Digital division, this initiative leverages robust TCP/IP tunneling and peer-to-peer interlibrary communication protocols to facilitate seamless content availability across geographically dispersed library clusters."
d3f:Software,Sqlstream,LLAMA3,"SQLstream is a massively scalable, distributed platform implemented in Java that leverages SQL standards and stream processing capabilities for efficient data management. Founded in 2009 by industry veterans Damian Black, Edan Kabatchnik, and Julian Hyde, the author of the influential open-source project Mondrian, SQLstream, Inc. is headquartered in San Francisco, California."
d3f:Software,Adobe Sign,LLAMA3,"Adobe Acrobat Sign is a cloud-based e-signature service that leverages browser-based and mobile devices for real-time rendering of digital signature processes. From a networking perspective, it employs a service-oriented architecture to facilitate asynchronous communication between clients and the cloud infrastructure, utilizing secure transport protocols to safeguard sensitive user data. Runtime environment management is critical, and to achieve this, Adobe Sign offers a dual-CONS (CONTROL+¸OPERATIONAL vVirtual environments – aka ""production"" and ""sandbox"") to mitigate potential update-induced disruptions. During this process, corp bàn functionality testing is effectively isolated, ensuring no service viability degradations."
d3f:Software,Plasq,LLAMA3,"Plasq is a globally dispersed software development organization consisting of engineers proficient in software development, user interface design, and operating system interaction from diverse regions including the United States, Australia, Switzerland, Norway, and France. Their primary development focus lies on macOS and iOS ecosystems, while also including support for a Microsoft Windows version of their flagship application, Comic Life."
d3f:Software,ManyCam,LLAMA3,"ManyCam is a multi-tenant, software application designed to enable concurrent access to webcam feeds across multiple video chat and video streaming use cases, seamlessly compatible with Windows and MacOS platforms. Leveraging the power of distributed architecture, users can simultaneously transmit high-quality video feeds to multiple destinations, while also applying real-time live graphics effects and filters to enhance the viewing experience. Pre-configured for scalability, ManyCam is available as a subscription-based offering, with options for annual or biennial licensing, reflecting its evolution from an open-source model. In addition, a mobile variant has been released, facilitating real-time video sharing on-the-go."
d3f:Software,Veyon,LLAMA3,"Veyon (Virtual Eye On Networks) is a free, open-source software designed to provide comprehensive monitoring and control capabilities across various platforms, enabling scalable remote IT operations and educator-led, immersive digital learning experiences. It facilitates seamless integration with virtual training scenarios and remote support initiatives."
d3f:Software,MicroScope,LLAMA3,"MicroScope is a digital extension of a renowned publication that served the ICT community in the UK for nearly three decades prior to transitioning exclusively to online content in 2011. Originally founded in London and previously printed bi-weekly under the stewardship of Dennis Publishing Ltd and Reed Business Information, the publication was rebranded as a free resource for qualifying professionals, leveraging display and classified advertising revenue. Our stated mission remains unchanged: to deliver timely, context-rich news, analysis, and insights relevant to those operating within the complex channel marketplace, positioning ourselves as the go-to authority for those seeking to navigate this ever-evolving landscape."
d3f:Software,TEOCO,LLAMA3,"TEOCO is a privately owned, telecom-focused software provider headquartered in Fairfax, Virginia, within the United States."
d3f:Software,OrthoGraph,LLAMA3,"OrthoGraph I is a native cross-platform application developed for iOS and Android by utilizing a shared codebase and optimization techniques, allowing for seamless execution across mobile operating systems. As an in-house advancement by OrthoGraph, a Budapest-based software development company with experience in software robustness and efficiency, this application is designed to integrate with building information modeling frameworks."
d3f:HardwareDriver,HIDPoint,LLAMA3,"HIDPoint is a proprietary Linux-based software solution that facilitates cross-platform compatibility for USB peripherals, specifically targeting Logitech keyboard and mouse devices. This software executes seamlessly on a wide array of Linux distributions, including RHEL, SUSE, Ubuntu, and Fedora, effectively mirroring the user experience associated with these devices on Microsoft Windows."
d3f:HardwareDriver,Microsoft Mouse and Keyboard Center,LLAMA3,"The Microsoft Mouse and Keyboard Center is a software suite that serves as a unified driver package for disparate input devices, encapsulating the operating system's interaction with a wide range of Microsoft mouse and keyboard peripherals. This centralized management interface enables users to concurrently configure and calibrate multiple input devices, providing a streamlined and intuitive user experience."
d3f:HardwareDriver,AMD Radeon Software,LLAMA3,"Radeon Software is a firmware and system software entity that facilitates interaction between AMD graphics processors and host operating systems. Its Electron-based UI accommodates 64-bit installations of Windows and select Linux variants, while the underlying kernel-mode driver interacts with bifurcated memory management units and graphics processing units to initialize and manage graphics card resources."
d3f:HardwareDriver,SIO (software),LLAMA3,"SIO is an optimized serial port driver package for OS/2, engineered to enhance performance and compatibility. It leverages a virtualized FOSSIL (VX00) driver that emulates FOSSIL functionality, enabling seamless integration with legacy DOS-based communications software. Furthermore, SIO introduces support for virtualized COM ports, enabling redirection of incoming telnet connections to these emulated ports via the integrated VMODEM utility. This allows for cross-platform functionality between ancient communications software and modern telnet sites, by utilizing an intricately crafted custom set of 'AT' commands that facilitate the passing of hostnames to the VMODEM software, thereby establishing a robust remote communication pipeline."
d3f:HardwareDriver,IntelliType,LLAMA3,"The IntelliType driver suite encompasses Microsoft's proprietary keyboard protocol stack for Windows, leveraging USB and PS/2 transports, as well as software-driven keyboard emulation for legacy systems. Its implementation entails efficiency-optimized Nkey Rollover and driver-level keystroke sampling for paginated keyboard devices on both Windows and Mac OS X platforms, although, post macOS Catalina (version 10.15), IntelliType is no longer supported on Apple hardware. The suite has since been superseded by the unified Microsoft Mouse and Keyboard Center, offering a converged interface for both keyboard and pointing device configuration, combining IntelliPoint for mice with the refined keyboard settings provided by IntelliType."
d3f:HardwareDriver,Vidix,LLAMA3,"VIDIX, or Video Interface for *nix, is a portable, drop-in replacement programming interface for Unix-like operating systems that enables video card drivers executing in user space to establish seamless, high-performance communication with the framebuffer via the Direct Graphics Access (DGA) extension to the X Window System, thereby bypassing kernel-level overhead and allowing for optimized video processing and rendering capabilities."
d3f:HardwareDriver,Advanced Linux Sound Architecture,LLAMA3,"The Advanced Linux Sound Architecture (ALSA) is a kernel-based framework that facilitates communication between application software and low-level sound card device drivers via a standardized API. ALSA's primary objectives, driven by its inception, include dynamically configuring sound card hardware at boot-time and ensuring seamless coexistence of multiple devices on a single system. The project's licensure allows for unrestricted re-distribution and modification of the framework under the permissive GPL-2.0-or-later and LGPL-2.1-or-later licensing models."
d3f:HardwareDriver,IntelliPoint,LLAMA3,"Microsoft IntelliPoint is a software driver, branded by Microsoft, which provides functionality for its supported hardware mice on various operating systems. The driver is available for installation on Windows and Mac OS X platforms. Notably, IntelliPoint has been superseded by Microsoft Mouse and Keyboard Center, a unified tool that integrates IntelliType, a proprietary keyboard driver, to provide comprehensive mouse and keyboard management features."
d3f:HardwareDriver,WinUSB,LLAMA3,"WinUSB is a generic USB driver implemented by Microsoft, specifically designed for backward compatibility with Windows XP, yet operational on later Windows operating systems from Windows Vista onwards. This solution is ideal for bang-for-buck scalability in use cases involving simple, single-application-driven devices. Devices such as weather stations and those requiring firmware upgrades or diagnostic capabilities, are suited to use this driver. WinUSB facilitates programmatic access to these devices through a user-mode API, thereby simplifying the interaction process. Runtime-level API enable applications to directly access and utilize the peripherals. For my systems setup WinUSB does effectively replace kernel mode for USB MTP devices since Windows 7 onwards."
d3f:HardwareDriver,AMDgpu (Linux kernel module),LLAMA3,"The AMDgpu driver serves as AMD's unified open-source kernel module for its Linux-supported GPUs, featuring comprehensive integration with AMD Kernel Fusion Driver (KFD). This module is in-tree, allowing for seamless coordination with the ROCm ecosystem, specifically under the ROCk project framework, which encompasses KFD development initiatives at AMD."
d3f:HardwareDriver,Direct Rendering Manager,LLAMA3,"The Direct Rendering Manager (DRM) is a Linux kernel subsystem designed to facilitate communication between the operating system and modern graphics processing unit (GPU) devices. This subsystem offers an Application Programming Interface (API) that enables user-space applications to send commands and transfer data to the GPU, supporting a range of operations such as display mode configuration. Initially developed as the kernel-space component for the X Server Direct Rendering Infrastructure, DRM has since been adopted by alternative graphics stacks, including the Wayland display server protocol."
d3f:HardwareDriver,SCSI Pass-Through Direct  SCSI Pass Through Direct SPTD  1,LLAMA3,"SPTD is a kernel-level extensibility mechanism that enables direct communication between user space and SCSI devices, facilitating tailored command dispatch via kernel extensions or driverkit-based device matching. In Apple environments, this approach offers a valuable interface for interacting with specific devices. When configuring SPTD, we recommend selecting the LSI Logic SAS SCSI controller type and creating a new controller instance instead of relying on the default configuration.

Our design also takes into account the options for SCSI bus sharing, with the choice between virtual and physical bus sharing modes catering to varying use cases, such as VMDK file sharing between VMs on a single ESXi host or sharing virtual disks between multiple VMs. Notably, Windows Server 2012 R2 and later versions support SPTD, particularly for scenarios involving shared virtual hard disks.

To optimize performance, we typically recommend assigning multiple disks to a single virtual SCSI controller instance, leveraging the inherent benefits of aggregate I/O operations and streamlined access contention. While SCSI is not a prominent feature in mass-market consumer devices, it remains an essential aspect of enterprise server environments and is therefore deserving of consideration in high-performance, high-availability database architectures."
d3f:HardwareDriver,Nouveau (software),LLAMA3,"**Nouveau Overview**

The Nouveau driver is a free and open-source graphics device driver designed to support Nvidia graphics processing units (GPUs) and the Tegra System-on-Chip (SoC) family. Developed by a community of independent software engineers, with collaboration from Nvidia employees, the driver enables smooth operation on these devices.

**Driver Name and Origin**

The name 'Nouveau' originates from the French word meaning 'new.' This moniker was suggested by Stéphane Marchesin, the driver's original author, who was prompted by his IRC client's auto-correction system. The system auto-corrected the letters 'nv' to 'nouveau,' which would later become the name of the project.

**Key Features and Functionality**

This open-source driver offers extended graphics capabilities and support for wide range of Nvidia GPUs, including the Tegra family of System-on-Chip (SoC) devices. The Nouveau driver utilizes expertise from the collaborative development efforts to ensure seamless operation on these Nvidia devices."
d3f:HardwareDriver,DarwiinRemote,LLAMA3,"DarwiinRemote is a cross-platform application compatible with Mac OS X v10.4+ that empowers the Wii Remote to seamlessly interact with native macOS apps. This package comprises a GUI client and a robust SDK, catering to diverse use cases and enabling further expansion. To leverage its functionality, the host system must be equipped with Bluetooth capabilities, which can be swiftly enabled via the System Preferences."
d3f:DisplayServer,Xvfb,LLAMA3,"Xvfb is a headless X11 display server implementation that leverages the XBcus (Kernel-based Virtual Machine) or high-level APIs like libxcb to fulfill X window system requests, simulating the behavior of a physical display server. Unlike conventional display servers, Xvfb's innovative architecture executes all graphics operations entirely within virtual memory, effectively rendering the display unseen. This enables clients to interact with the server seamlessly, receiving responses to requests, as well as events and errors, without producing any visual output. The server's operational independence from graphics hardware and peripheral input devices renders it adaptable for deployment across various computing environments, where networking infrastructure remains the sole required component, facilitating seamless remote accessibility."
d3f:DisplayServer,Mir (software),LLAMA3,"Mir is a cross-platform display server and Wayland compositor currently being developed by Canonical Ltd. for the Linux operating system, initially designed to integrate with Unity 8 as a replacement for the traditional X Window System, but later refocused on IoT applications when Unity 8 underwent significant redesign. Initially announced in March 2013, its development continued beyond Unity 8's abandonment, with the implementation now primarily targeting cross-platform IoT and embedded systems development."
d3f:DisplayServer,Xgl,LLAMA3,"**Xgl Display Server Overview**

Xgl is a discontinued display server implementation created to leverage the capabilities of modern graphics cards through their OpenGL drivers. It utilizes OpenGL as the underlying framework for accelerated rendering. This implementation supports hardware acceleration of X Window System, OpenGL, and XVideo applications and graphical effects, which can be managed by a compositing window manager such as Compiz or Beryl.

**Introduction Notes**

This display server was initially developed by David Reveman at Novell and made its first public release on January 2, 2006. Subsequently, Xgl was deprecated in favor of AIGLX and removed from the X.org server on June 12, 2008."
d3f:DisplayServer,XQuartz,LLAMA3,"**XQuartz Overview**

XQuartz is an open-source, macOS-compatible version of the X.Org X server, a crucial component of the X Window System (X11 or X). It serves as a replacement for Apple's internal X11 application. The 'XQuartz' name originates from the macOS Core Graphics framework, specifically the Quartz component, to which XQuartz facilitates connections for these applications.

**Key Functionality**

XQuartz enables cross-platform applications utilizing the X11 windowing system to run on macOS, including various scientific and academic software projects not specifically designed for the macOS ecosystem. This functionality is particularly valuable for users requiring access to multiple platform applications on their macOS systems."
d3f:DisplayServer,XDarwin,LLAMA3,"XDarwin is a legacy X Window System (X11) display server that was specifically crafted for the Darwin OS and early iterations of Mac OS X. It extends the platform's capabilities by enabling native execution of X11-based applications. Originally spearheaded by the XFree86 team as part of the XonX project, XDarwin's functionality has since been assimilated into the upstream source code of XFree86 and Xorg, where it continues to be supported."
d3f:DisplayServer,X-Win32,LLAMA3,"X-Win32 constitutes a proprietary X Window System implementation for Microsoft Windows, leveraging Wabi (Windows Application Binary Interface) emulation as its core foundation. Through this implementation, Windows machines can seamlessly host remote UNIX graphical user interface (GUI) sessions within conventional Windows GUI applications."
d3f:DisplayServer,Xming,LLAMA3,"Xming is an X.Org server implementation, providing a Windows-native X11 forwarding server for Win32-based systems, including XP, Vista, Windows 7, and subsequent Microsoft Windows generations."
d3f:DisplayServer,Xephyr  X.Org Server  1,LLAMA3,"Xephyr, an X.Org Server implementation, serves as a kdrive-based display server, enabling the simultaneous execution of multiple, fully isolated X sessions on a single physical display. Leveraging Xephyr, developers can harness its support for contemporary extensions, including composite, damage, and RGB range (randr) functionality. Users can create individual windows, each replication an independent display with custom resolution, color depth, and user input support. As a flexible development platform, Xephyr allows experts to host various applications or games on separate windows and arrange them according to specific configurations.

Built atop the legacy Xorg server, extensively adopted for a wide range of graphical user interface (GUI) applications, Xephyr adapts to rapidly evolving display server landscapes. Despite the emergence of Wayland, a newer and aspiring display server aiming to supplant Xorg, the Linux community continues to transition towards adopting this modern architecture, promoting compatibility across both display server technologies."
d3f:DisplayServer,Wayland (display server protocol),LLAMA3,"Wayland is a network protocol that governs the interprocess communication (IPC) between a display server and its clients, in addition to a C library representing that IPC model. A display server leveraging Wayland's standard also assumes the role of a compositing window manager. As part of its mission, the Wayland project develops a reference implementation of the Wayland compositor, proxied through a software component known as Weston, in order to facilitate widespread adoption and verification of the protocol's optimal operation."
d3f:DisplayServer,XFree86,LLAMA3,"**XFree86: A Comprehensive Implementation of the X Window System**

**Overview**

XFree86 is an open-source implementation of the X Window System, designed for Unix-like operating systems on IBM PC-compatible platforms. This software has been successfully ported to numerous other operating systems and platforms.

**License and Development**

XFree86 is licensed under the XFree86 License version 1.1, made available under the terms of open-source software. The XFree86 Project, Inc. served as the primary developer, with David Dawes serving as the lead developer.

**Release History**

The last released version of XFree86 is 4.8.0, which was made available in December 2008. The most recent CVS commit was completed on May 18, 2009. Although the CVS was active until May 2009, project activity subsequently ceased, and the project was officially confirmed dormant in December 2011.

**Key Dependencies and Considerations**

When utilizing XFree86, note that the project will no longer receive updates or security patches, as it has been confirmed dormant. Compatibility with newer systems and software may be affected.

**API and Implementation Notes**

XFree86 provides an implementation of the X Window System, facilitating the creation of graphical user interfaces on supported platforms. For optimal integration, it is essential to consider current software and system dependencies when using this implementation.

**Installation and Configuration**

To ensure a successful deployment of XFree86, consult the provided installation and configuration documentation, which may include platform-specific instructions and dependencies.

**Troubleshooting and Support**

Due to the project's dormant status, users may not be able to access any support or updates for XFree86. Consider seeking assistance from alternative resources or exploring alternative implementations of the X Window System."
d3f:DisplayServer,X.Org Server  X.Org Server  1,LLAMA3,"The X.Org Server, also referred to as X11 or X, is a display server that facilitates communication between an X Client and an X Server by delivering payloads between the two components. Comprising a protocol family, X11 represents the 11th revision of the X protocol series. Although many Linux distributions now utilize Wayland as their default display server, the X.Org Server maintains widespread adoption and versatility, enabling developers to tailor its configuration to suit their requirements. As a critical system component, the X.Org Server is essential for managing GUI windows within Linux environments."
d3f:OperatingSystem,"Berkeley Software Design  , Inc.  1",LLAMA3,"Here's how I'd rewrite the description:

Our company, Berkeley Software Design, Inc. (BSDi), obtained the source code of the BSD operating system, which stems from Research Unix. We then filled gaps and performed native ports to Intel i386, launching our first product BSD/386 in 1991. BSD itself originated as an open-source project at University of California, Berkeley in the 1970s, with its early iterations taking a distinct approach to UNIX before evolving into parallel code paths and considerable source overlap with the latter. Today, BSD-based systems have become ubiquitous in modern computing ecosystems, powering important components of the global Internet infrastructure."
d3f:OperatingSystem,Parakey,LLAMA3,"Parakey is a novel web-based desktop paradigm spearheaded by Firefox developers Blake Ross and Joe Hewitt. While not strictly an OS, the proposed architecture shares some similarities with a web-based compute substrate that can effectively supersede traditional desktop functionality. The underlying design revolves around streamlining data laundering across ecosystems - specifically, facilitating more seamless empirical artefact transfer to online destinations. For instance, managing data flow via online platforms like Flickr or YouTube should become significantly more efficient, reducing the number of intermediate steps like transferring files from a camera or loading content from a blogging platform."
d3f:OperatingSystem,Croquet OS,LLAMA3,"Croquet OS is a modular, web-based platform that enables the development of scalable, multi-user applications with real-time synchronization, embracing a cross-platform architecture that can be deployed on a wide range of devices. This ecosystem empowers the creation of immersive experiences, including online gaming environments, collaborative 3D spaces, virtual learning platforms, and problem-solving frameworks, as well as advanced use cases like real-time data visualization, shared resource management, and concurrent computation for multiple users, all built on a foundation of open-source principles."
d3f:OperatingSystem,URBI,LLAMA3,"Urbi is a C++ based, open-source cross-platform framework for developing distributed robotics and complex system applications, leveraging the UObject component architecture for modular and scalable design. This framework empowers developers with the urbiscript orchestration language, a parallel and event-driven scripting tool allowing for seamless integration and dynamic data exchange between components. By combining UObject components with urbiscript, developers can craft tailored scripting logic, virtualizing complex interactions and data flows as native objects. Urbi also supports remote execution and autonomous processes, enabling flexible deployment and integration with diverse robotic and system topologies."
d3f:OperatingSystem,Robot Operating System,LLAMA3,"In a distributed robotics framework, I leverage ROS as an open-source middleware suite to abstract hardware and device complexity, facilitate low-latency message-passing between processes and implement commonly used functionality, akin to a graph database architecture. The ROS framework orchestrates process communication over heterogeneous computer clusters, utilizing directed acyclic graphs to represent node interactions and sensor data exchange. As a non-real-time operating system, ROS prioritizes configurability and modularity, while allowing for real-time integration through strategic implementation of optimized messaging and threading patterns."
d3f:OperatingSystem,YaST,LLAMA3,"YaST (Yet another Setup Tool) is a system setup and configuration utility native to the openSUSE Linux distribution and its commercial offshoots derived from SUSE. Additionally, YaST was included in United Linux, a now discontinued joint initiative. The YaST toolset encompasses a range of utility programs capable of customizing and managing various system parameters."
d3f:OperatingSystem,Windows MultiPoint Server,LLAMA3,"**Operating System Configuration: Windows MultiPoint Server**

**Overview**

Windows MultiPoint Server is a Windows Server-based operating system that utilizes Remote Desktop Services to host multiple, independent computing stations connected to a single computer (multiseat computing).

**History**

Windows MultiPoint Server 2012 represents the final standalone release of this operating system, superseded by the MultiPoint Services role available in Windows Server 2016."
d3f:OperatingSystem,Windows Server Essentials,LLAMA3,"Windows Server Essentials offers a tightly integrated infrastructure stack, comprising Windows Server, Exchange Server, SharePoint Services, and Microsoft Outlook, suited for organizations with limited user counts (max 25 users or 50 devices). Leveraging application server technologies, this suite is designed for streamlined administration via features such as euinitegrated setup, enhanced monitoring capabilities via various logging and metrics tools, Remote Web Workplace, and a unified management console, all facilitating centralized management and secure remote access."
d3f:FileSystem,NTFS-3G,LLAMA3,"**NTFS-3G Implementation Overview**

NTFS-3G is a cross-platform, open-source implementation of the NTFS file system, providing read and write support for the Microsoft Windows operating system. Utilizing the FUSE file system interface, NTFS-3G can seamlessly operate on multiple operating systems without modification.

**Supported Platforms**

NTFS-3G is compatible with various operating systems, including:

- Linux
- FreeBSD
- NetBSD
- OpenSolaris
- illumos
- BeOS
- QNX
- WinCE
- Nucleus
- VxWorks
- Haiku
- MorphOS
- Minix
- macOS
- OpenBSD

**License and Development Status**

NTFS-3G is licensed under the GNU General Public License. This project is an active fork of ntfsprogs, receiving ongoing maintenance and development."
d3f:FileSystem,E2fsprogs,LLAMA3,"e2fsprogs is a cross-platform utility suite that provides critical tools for managing and maintaining the ext2, ext3, and ext4 file systems, which are predominantly used in Linux environments."
d3f:FileSystem,PUFFS (NetBSD),LLAMA3,"The Pass-to-Userspace Framework File System (Puffs) is a kernel subsystem designed for NetBSD, enabling the execution of filesystems in a userspace environment. Initially integrated into the 5.0 release, Puffs subsequently facilitated seamless porting to DragonFly BSD in the 3.2 release."
d3f:FileSystem,Filesystem in Userspace,LLAMA3,"FUSE establishes a software interface between Unix and Unix-like operating systems, empowering users to craft tailor-made file systems devoid of kernel-level edits. By executing file system logic within user space, FUSE seamlessly bridges this gap through its module, which merely facilitates communication with the underlying kernel APIs. Available on a wide array of platforms including Linux, FreeBSD, NetBSD (via puffs), and Solaris, FUSE operates in compliance with the free software model, initially released under permissive licenses such as the GNU General Public License and the GNU Lesser General Public License."
d3f:FileSystem,NOVA (filesystem),LLAMA3,"The NOVA file system is an open-source implementation of a log-structured, byte-addressable persistent memory file system, which leverages the capabilities of NVDIMMs and 3D XPoint DIMMs to provide high-performance storage on Linux, thereby enabling efficient data persistence and accelerated I/O operations."
d3f:FileSystem,Ntfsprogs,LLAMA3,"ntfsprogs was a Linux utility suite tasked with facilitating optimal interacting with NTFS partitions, compatible with up to four major NTFS versions spanning 32-bit and 64-bit Windows iterations.  It provided the inaugural stable solution for Linux to write to NTFS partitions, thus bridging the compatibility gap. Given its widespread adoption, it was included in the majority of Linux distributions and Live CDs for convenience. Additionally, the project spawned Windows-compiled variants. Notably, the project harmoniously merged with NTFS-3G on April 12, 2011, per a joint effort by Tuxera."
d3f:FileSystem,Radmind,LLAMA3,"Radmind is a comprehensive software suite comprising a suite of command-line tools optimized for Unix-based systems, along with an application server designed to facilitate remote file system administration across multiple client nodes. This system supports a graphical user interface on Mac OS X, denoted as the Radmind Assistant, which caters to user-centric needs by providing an intuitive interface. Furthermore, Radmind Server Manager, a GUI application, enables efficient management of the Radmind server, thereby streamlining its operation. In 2003, Radmind earned the runner-up status in the Apple Design Awards under the 'Best Mac OS X Server Solution' category. Radmind is developed by the University of Michigan's Research Systems Unix Group, which spearheads its ongoing development, further enhancing its capabilities and robustness as a distributed component architecture with strong concurrency support, facilitating seamless management of file systems across a network of multiple client machines."
d3f:BootLoader,EMILE,LLAMA3,"EMILE, a cross-platform bootloader for Linux, leverages the m68k architecture to provide a Macintosh-compatible boot experience. Developed by a community contributor, this project aims to supersede traditional solutions like Penguin booter, which relies on aClassicMac installation. In contrast to its predecessor, EMILE modulates the hard disk's boot block to facilitate direct Linux booting, eliminating the need for a pre-existing Classic OS setup."
d3f:BootLoader,LILO (bootloader),LLAMA3,"LILO, a Linux kernel boot loader, served as the canonical boot loader for the majority of Linux distributions following the peak utilization of loadlin. Although it has been largely superseded by GRUB, LILO and its variant ELILO remain widely utilized. The LILO framework further development halted in December 2015, with associated pleas for community-driven contributors through Joachim Wiedorn's call."
d3f:BootLoader,LILO (bootloader)  elilo  1,LLAMA3,"**LILO Boot Loader Overview**

LILO (Linux Loader) is a boot loader software component utilized in Linux operating systems to facilitate the selection of installed operating systems or kernels during system startup. With features that enable boot selection, LILO has historically been used as the default boot loader for numerous Linux distributions, although its widespread adoption has been supplanted by the GRUB boot loader. Presently, LILO, as well as its variant ELILO, remain widely utilized. The identification of the default boot loader on a Linux system can be accomplished via examination of specific configuration files or use of the dd command to read the boot sector of the hard drive, providing essential insights into the system's boot configuration."
d3f:BootLoader,GNU GRUB,LLAMA3,"In the context of embedded systems and distributed architectures, GRUB adheres to the Multiboot Specification, a standardized interface facilitating bootstrapping across diverse operating systems. This is achieved by leveraging a single boot loader instance, catering to variegated kernel configurations stored in multiple partitioned domains, thereby granting users elevated control over boot processes on multi-operating system platforms."
d3f:BootLoader,SILO (bootloader),LLAMA3,"SILO, the Sun-recommended boot agent for SPARC architectures, serves as an alternative bootloader for both Linux and Solaris. This tool's user interface, a 'boot:' prompt, shares similarity with LILO's basic form, where a user can initiate a tab completion to expose available boot target options. SILO's configuration file format and several command-line parameters show convergence with LILO. However, due to its boot-time parsing of the configuration file, SILO doesn't demand re-execution upon modifications to the file or kernel imagery. It supports UFS, ext2, ext3, ext4, ISO 9660, and romfs file systems, providing an open-ended mechanism for initiazing disparate kernel images."
d3f:BootLoader,System Commander,LLAMA3,"The System Commander (SC) is a sophisticated graphical boot manager and loader implementation developed by VCOM, leveraging advanced distributed component architectures and complex system software design principles. This innovative software enables simultaneous installations of multiple operating systems on a single host, facilitating a user-friendly boot menu that allows selection of the desired operating system for primary execution. Notable contemporaries include the NTLDR, LILO, and GRUB implementations, all of which share similar functionality. A notable submodule within the SC architecture is the . component, which represents a noteworthy abstraction in the software's modular design."
d3f:InterprocessCommunication,Libt2n,LLAMA3,"libt2n is an open-source, cross-platform IPC framework that facilitates seamless communication between disparate C++ processes via efficient, lightweight message passing mechanisms, thereby enabling scalable, distributed, and concurrent applications."
d3f:InterprocessCommunication,D-Bus,LLAMA3,"In a Unix-based system architecture, D-Bus functions as a client-server interprocess communication (IPC) middleware, facilitating messages-based interactions between concurrently executing processes on the same host. Developed as an initiative by the freedesktop.org project, spearheaded by Havoc Pennington from Red Hat, this standardization effort aimed to harmonize services across Linux desktop environments, notably GNOME and KDE, by providing a unified message-passing interface for multi-process communication."
d3f:InterprocessCommunication,Desktop communication protocol,LLAMA3,"DCOP is a distributed communication protocol used in the KDE framework for inter-process communication (IPC) in the K Desktop Environment 3. Its primary objective is to facilitate seamless cooperation and knowledge sharing between multiple applications by providing a 'remote control' system, enabling applications or scripts to leverage the capabilities of other applications in real-time. Leveraging the underlying X11 Inter-Client Exchange protocol, DCOP serves as the infrastructure for coordinating complex tasks among heterogeneous application components distributed across the system, thereby enhancing the overall system's efficiency and scalability. 

By utilizing DCOP, developers can create a robust distributed system where applications can work together dynamically, utilizing each other's strengths to tackle intricate tasks, resulting in improved user experience and streamlined workflows. As a robust IPC mechanism, DCOP has been instrumental in empowering the KDE ecosystem to effectively orchestrate diverse components and deliver comprehensive functionality within a unified environment."
d3f:InterprocessCommunication,OpenBinder,LLAMA3,"OpenBinder is a cross-platform inter-process communication system that originated at Be Inc. and evolved at Palm, Inc. Its successor, the Binder framework, now serves as a foundational component for the Android OS developed by Google. The kernel-side component of the Linux implementation, OpenBinder, was successfully merged into the Linux kernel mainline as part of the 3.19 release, achieving parity with the kernel community on February 8, 2015."
d3f:InterprocessCommunication,SIMPL,LLAMA3,"""The SIMPL project leverages user-space primitives, specifically shared memory and Unix pipes, to instantiate a library-based, QNX-style synchronous messaging paradigm for Linux. By emulating the SendMssg, ReceiveMssg, and ReplyMssg IPC mechanisms, SIMPL facilitates efficient, real-time communication between processes, effectively bridging the gap between the Linux stack and the necessity for synchronized, inter-process data transfer."
